distance,traffic,weather,eta
9.9889628523367,1,0,13.903512436219009
23.817143353837988,1,1,35.1926853202633
18.567854603473723,1,0,23.19762727539137
15.367803620728878,5,1,33.2191464367482
4.744447370618476,4,0,16.827952578020074
4.7438684880688635,5,0,16.378860351586155
2.394006692036787,4,0,9.308616659899206
21.788227498598445,5,1,38.41583697563854
15.426760281837012,5,1,31.515586536634185
17.993741867105093,3,0,26.402709646386977
1.4940278630992587,5,0,9.810472816499011
24.277836451887865,2,1,36.94221829618882
20.97862337921012,3,1,34.23195339160054
6.096138656278628,5,1,21.19480815465047
5.363799212970415,1,0,10.809333879995073
5.401708236482412,2,1,13.509344215930176
8.301813831028905,2,0,11.591336587874064
13.594154359173707,2,1,23.015200246501344
11.36668044741078,3,0,21.18086697112622
7.989499364753006,5,1,24.440939779137516
15.684469473337106,5,1,33.35864266323166
4.347852655649004,1,1,9.4680097404546
8.011471564845236,1,1,16.61757111387968
9.7926842390486,2,1,21.205019242932455
11.945679621208862,1,0,14.943972285670682
19.844223073432325,3,1,33.22992749303374
5.792170771800634,5,1,24.491408853524984
13.341626521926678,2,1,22.030203273385236
15.217949652689018,1,0,16.85136624473937
2.1148099052799454,3,1,14.803580755265532
15.58107644563452,3,0,26.970501278170545
5.092578968494997,1,1,10.697160115039146
2.5612382316467084,5,1,16.34750231423988
23.77325289408,1,0,28.078033372518092
24.175168793789425,2,1,36.68810709776672
20.401536354795066,1,0,28.81367105649688
8.310730460160897,3,0,14.88766686867652
3.344130736153213,1,1,11.26716084095644
17.421592636291766,5,0,31.833358878330984
11.563659849750431,4,1,26.532025601462795
3.928917636274692,1,1,9.246082802356892
12.884245842670484,5,0,24.751846645337594
1.8253245067652415,5,0,8.496844539175486
22.82368964989077,3,0,32.255088754848714
7.210719558400406,5,0,20.979834386143004
16.900534824495566,5,1,31.92197740119013
8.481065826145862,5,1,22.116675683661224
13.48163250826746,5,0,27.458338657335197
14.121046704238712,2,1,25.250792629072638
5.436506932612649,2,1,15.40353481872778
24.270031066349404,3,1,36.29759619943848
19.60318776066675,1,1,34.15194121140079
23.547974597540538,5,0,35.826062768714145
22.47585641026357,1,0,29.27952231978442
15.349599491466044,1,1,23.60220839802208
23.124981640554804,3,0,31.376694933935667
3.123820049246068,5,0,13.00816521346878
5.703588698059485,5,0,16.89092163944312
2.0854549338529136,4,1,12.702599496896557
8.807927938318343,1,1,17.94396076905171
10.328254952547567,1,1,17.570654452132136
7.512376762573502,2,0,10.332302773051628
20.889700219646304,4,1,33.71538919823698
9.562079840646142,2,1,20.186825989998283
7.742428232497138,2,0,10.317372313595893
14.024705995797962,2,1,24.96249934105572
4.3821813993943035,3,1,15.647928050607083
20.252727538096952,3,0,28.31256231786831
2.7892154483144997,2,0,9.12853470552718
24.685286478412415,4,0,34.186756526571635
19.53387446311978,1,1,29.53356722374085
5.769176356820138,4,1,18.341295760992146
1.1325308109664576,5,1,14.621041021697962
20.57107428291602,3,0,28.329495853538077
17.96457625234281,1,0,21.683447494011517
18.496172032983694,1,1,30.933010489621626
19.5104883204627,5,1,39.342896002298744
2.7770716416181687,5,0,14.8166551469894
9.603177485062542,2,0,17.403509189134425
3.780857428603113,3,0,12.229056003666273
21.714482221014244,3,0,31.41066624064467
15.95915504386139,4,1,30.74619315626237
8.94155259646358,2,0,11.78484635967428
2.5254004068645672,2,1,10.351089234622428
8.463575721175893,2,1,20.023119364489446
8.804399728641929,2,1,16.743865177856044
18.51054828011354,3,0,30.258940345510698
16.301379312525114,3,0,25.74482665241766
22.293105821831837,2,0,27.98098325485874
12.333158203886782,4,0,20.585150817971517
3.870261902519241,1,1,11.982920022438599
18.117874893351882,1,0,24.84649804253903
19.25884116680554,4,0,31.314137546141897
14.470652741667909,2,1,24.316719661505598
19.503212318909462,3,0,29.824990737948525
12.851094312745378,1,1,22.681905673800948
13.545587905167856,5,1,32.706412047175995
11.260984440605192,5,1,30.060549727607437
1.6100590418582845,4,1,14.175990651746938
3.589394247839307,2,1,11.463409716678127
1.754300456481622,1,1,7.897656563415658
16.27384987033073,2,1,28.072860558907035
8.54454354583184,1,1,16.78958614268839
13.205696587952866,4,0,26.46280917982365
22.78159537422623,4,0,39.56942589290479
6.983013499572999,5,0,17.969106940259426
10.849190152855114,2,0,21.33079800107506
19.133227325033168,5,1,38.804351283556585
6.491155971798939,2,0,11.58774118578831
2.847517835891032,5,1,19.9141510807994
7.954034869930433,3,0,18.91613844675485
4.869310894096106,3,0,10.922582184527634
23.312743656221755,3,0,37.4397228924374
20.394889109546007,3,1,36.12403257352713
16.201690156250162,1,0,26.179146443458578
21.915054164505225,3,1,34.94998783340727
20.288129845578748,4,1,35.13890232722251
5.47768141326486,4,0,10.519893436431154
22.421415963759465,1,0,30.04808699764728
13.944213805975618,3,0,23.483559078408177
20.3785637239375,3,1,32.82828912565367
22.506191198163837,3,0,32.84372797482049
8.632083399324733,5,1,21.23605805883945
3.641246188664242,2,1,14.266385332060462
6.4704439010066,5,0,16.7851337321513
11.250586927030152,2,0,23.688802343678088
20.632354382139834,3,1,33.90762265714573
21.657533998152243,3,1,33.96980311568607
1.1668511327485769,5,1,14.075595121828568
13.257935261861578,5,0,23.08560036114539
11.017864075570696,2,1,21.685980672090718
6.330587451297526,4,0,14.756905541998787
3.8767688160083873,2,1,14.414628160005542
9.102764113687071,5,1,23.87382194607565
23.62983289390046,5,0,41.12468369605185
8.756870368498126,1,1,17.52315594083183
13.450974921840785,5,0,26.198363459645627
17.87245501348427,1,0,26.607411190882765
9.727110457103056,4,1,25.077119470598085
24.322769985303054,2,0,39.07974963569011
24.09873507861067,2,0,32.09957160437639
7.04277509980874,1,1,14.104562330687408
12.93396414141725,2,0,22.658174991722557
8.221079435602473,5,0,16.77821969905274
7.836171865059223,3,0,18.03729336453619
1.885286736508787,1,1,8.640949599173487
15.629544015517524,2,0,20.97903130772653
13.064296557492675,1,1,18.451076551888963
2.2354900299997444,1,1,6.837609089739125
7.6875151416786744,3,0,10.655379025363263
22.798381263199687,5,0,36.37897862845661
6.749485376007338,1,0,11.344495117893969
4.477476930189354,2,1,11.92037103428957
12.746866246661511,4,0,26.07286489886143
24.655610898654416,1,0,34.90662828383587
6.80932651627601,1,0,12.72248078478276
17.131253137741083,3,0,27.01878558581803
19.278870767889224,5,0,28.485286376494134
6.703301055817592,4,1,18.136566282915897
18.47719236668463,2,1,29.38855378647278
9.826795185262078,4,0,18.004418923304872
16.17533993424591,2,0,23.131396970121948
16.204713058261472,5,0,32.66579060730052
13.858592417794203,2,0,17.338757842322405
3.1669544813057993,3,1,16.923729489805012
21.04725989414171,3,0,33.02616471647833
8.69872155932166,3,1,20.474899487741382
5.476444249596502,3,1,14.644499988034276
1.978603397314334,4,0,8.62642338579435
15.181430636517803,5,1,28.465281334643883
17.261544684214776,2,1,31.647384581686502
1.3981078942685476,2,1,12.25295259327034
13.290233399182743,3,1,22.635710821852726
6.435898604750511,3,0,12.61782233588821
16.484146969826796,1,0,22.64726590225597
5.184794296119795,5,1,19.12273487899934
17.58250571445918,4,0,25.261657343287382
10.281648311212898,2,0,15.0224324523441
23.48151972968163,1,0,34.07989227165799
4.300502659503838,1,0,5.980646010575716
9.185592425206204,2,0,14.695776236843031
3.7233645097741377,4,1,13.677682563658204
23.192646838685505,1,0,31.0067021769901
22.056144481143544,1,0,28.69767697542142
7.190599065163735,5,0,17.144679395082523
16.8396171048203,4,0,25.598229734169507
20.61333280482918,1,1,33.045086113816765
14.324819478387095,4,1,25.478696560782353
13.711613880544157,2,1,24.9615680478321
6.80445498161084,3,1,13.35758748850986
3.234466427341581,1,0,7.295783078834662
22.53317819087984,5,1,42.48041160357593
22.610033371919933,2,0,33.321607469583746
16.19443497455843,4,0,27.11090503233038
9.136714985168815,2,0,18.132065193329968
9.381029790703861,1,0,17.87281913883677
18.422936292885744,4,0,29.464277279370968
22.53064623886185,3,1,35.63476542637436
22.290074182362815,2,1,34.54644353952524
19.717013100582975,1,1,28.205055428911155
16.408759507702907,5,1,31.942771017223244
3.019359159881172,4,0,10.549753911374387
4.87908913827073,2,1,16.786418981937366
22.565300524649903,2,0,32.62212461965075
15.554297431830157,3,1,27.203264663680006
1.2207292387991115,3,0,2.554625035114362
3.4353170287847705,5,0,11.03345144732879
16.92404245859334,5,1,34.81570911551576
1.1214780123092485,1,0,-0.8973382680065365
4.859393234019968,1,0,8.417258935727872
14.169610944798066,5,1,28.372405684027626
17.60548474462464,5,0,31.310193242710916
16.64707022806241,4,1,31.604196876343178
6.382463427053435,3,1,17.400135980245544
18.09230131234086,1,1,26.421917880651993
6.693978099923202,3,0,13.178202468692378
8.809592755822425,3,0,15.129930469114033
18.91579372283258,5,0,33.66673710188287
16.59118957713315,4,1,33.019812842121674
21.38136185186027,2,0,27.21968917716007
16.78270941520824,4,1,31.535994353665348
14.639406480051319,4,1,29.46045192303706
3.2481944278742194,3,0,10.265375582695146
9.825179273426404,4,1,23.62375436730472
7.364856824361411,1,0,10.033758568543243
6.855751441098006,3,0,14.784962580242686
24.352253314058693,1,0,32.45876139883767
10.43434539200225,2,0,16.803287782047825
22.40911732425072,3,0,33.902820462168314
16.14732702393431,2,1,28.857499250796184
20.075471284999562,3,1,29.888684826208937
13.063290234524612,5,1,31.06287596516027
14.84569323103262,4,0,26.499687407681694
12.820424651652733,5,0,23.161258926505827
5.685831707153068,2,0,12.427939813223059
18.338850766276128,4,1,32.709979107483434
7.738536698580539,3,0,14.76231116565954
1.5835831943548921,4,1,12.384940268294546
16.491335101772027,1,1,25.89439981060288
5.250656305769175,4,0,12.730081281898903
23.571006024469945,1,0,32.088156489259504
23.894285848062097,4,1,39.89541784328517
22.956745365290764,1,0,28.81968947137304
9.883808806130666,2,1,20.86632192258474
1.3709587966928183,5,0,11.006037031393221
23.27964550210541,3,0,35.831928253251085
11.276419559615544,4,1,26.990889373220384
24.19971565704807,5,0,36.37005111201973
24.12687945014207,3,1,40.67077574461633
21.472226931216642,3,0,28.8426003744562
8.066773409670056,1,1,17.523289145369088
10.242345486446206,2,1,23.847528968195924
21.427280116404567,2,0,31.46240501622374
8.606128123750665,5,1,19.513392459101453
5.06782592046622,2,0,12.208522543331501
14.363230299000403,4,0,29.728134290672507
23.467714579858743,2,0,31.555194213834433
17.704715120199353,5,1,34.67625150417944
14.68146808214476,2,1,22.740788254720844
3.332235850498445,4,0,12.622841858237472
15.760173440780074,1,0,23.450562494022343
24.76129240250232,5,1,44.60902513930169
4.362016365676577,1,0,13.51835359338749
13.43991165672968,1,0,18.19394807400721
22.05695372627093,1,1,28.706997736694586
18.778446826100907,3,0,28.876078134457526
17.72837778388643,3,1,25.941149810238738
17.85961801569062,1,0,22.365333769099717
9.627787629274124,5,1,28.30210927232937
8.04620426234784,4,0,18.305712412080954
20.424667731484327,4,0,32.86843490344373
20.442721472300338,2,1,35.672826520191116
21.809735645922487,5,0,35.63048299178025
22.91777326135531,3,1,39.52496873949459
13.272217572662507,1,0,18.18527503752769
13.03639107249279,2,1,23.9037642139094
20.159084295202604,4,1,33.256291442517096
16.599134338666364,3,1,28.454867616743204
17.84720505418488,3,1,28.121609599334107
20.099024066466427,1,0,25.92833872330902
22.360128203621592,4,0,35.612958532178446
9.11188376443686,5,1,22.21418430714133
10.013990863358657,3,1,25.615146881400037
3.255566556180856,1,1,9.96289190560095
14.878723383908175,5,0,27.97005923186025
1.86261457112181,4,0,11.774452988037423
12.174352435179044,3,0,18.95136676048301
14.023471232981839,5,0,27.155120437913112
7.876990051078826,5,1,21.51865562057941
15.179998253656258,5,1,34.833357724565474
1.7320059985371863,3,1,9.46112849945046
1.896356529981146,3,0,8.401958754591721
20.742413455831798,2,0,29.549527717301707
9.644575393870308,4,0,20.36314196145977
4.049452303645235,1,1,9.196872418208619
13.533838241315305,5,1,27.94958708528817
19.47984527436666,2,0,26.24222398314779
6.179704659924236,1,1,13.972296460329648
15.949371419656007,2,0,22.85155416176328
3.048339159850432,3,0,11.250424608725561
2.2403613080465847,5,1,17.142441008446045
13.752511157635553,1,0,13.949187992963449
13.975242918642557,1,1,22.76528709604549
16.298317635956955,1,0,26.058890698780885
18.42619200934388,1,1,30.261968513289318
24.42044990710083,1,1,35.64856620993493
13.391208359228688,2,1,21.45066577013454
8.750955350589903,5,0,21.456253852959176
20.08446867444889,3,0,31.580862289095183
7.499974030289781,3,1,17.99247547469257
11.535314096935267,3,1,23.975861033931196
2.882953152214383,3,0,12.478868699449341
1.6084178419709803,2,0,4.215552570881725
24.1035619522702,4,0,34.80767513280598
21.06352289229294,5,1,40.16162612273995
17.70338094624875,1,0,24.15914240789466
10.814870665942477,4,0,23.035521389956592
5.159063681700299,3,1,16.830464041847897
4.754489024106065,4,0,12.56987670257889
7.005829555950288,5,0,19.271380770071154
14.181439952946892,1,0,16.73347485694392
18.150302144801497,1,1,26.779725150295807
16.84473704122555,5,1,34.71928291140347
7.718413526702628,5,1,22.041067798595375
23.91676673591666,3,1,43.13622444755964
18.709526000698446,1,1,24.1670627031908
14.304497260273617,4,1,27.57041599833072
15.681297909624455,2,1,24.441997823809523
11.070401498266957,2,0,15.883784183004442
6.945543748027779,5,0,17.04865605067158
9.543344287630278,3,1,18.29917177143835
19.18830665114486,2,0,28.531372278519086
1.3454437271141408,1,0,2.5203418777627666
3.7857433721659897,5,1,18.3700387177765
2.104063408522066,4,0,9.65522456640599
1.9774912556552833,5,0,10.99122868221392
21.53105401626417,4,0,37.181823291690705
17.887788625120567,5,0,33.3112107145635
12.380171898095805,5,0,21.119805477804675
3.3480198556240355,5,1,13.56934893007707
12.798781002803977,4,1,28.943754874637747
12.363322498733577,4,1,25.296280215382787
5.156844877840364,5,0,12.890049185539993
11.412439581711354,2,1,23.286397763134303
10.564113625536962,3,0,19.015184450842536
15.780402353253194,3,0,25.439624993568472
16.242247620823452,3,0,27.109775688999957
2.0872962345290684,4,0,7.884801164870096
9.99070275103531,4,1,20.22584165847404
16.020637977141675,2,1,29.886674162376416
13.075270205922106,3,0,18.81599072562194
21.555756188519734,3,1,32.92243183207255
16.80864715885468,5,0,28.125505831534085
4.9104262499543125,4,1,21.55240334732622
2.6936499376103162,3,1,13.719146525955425
16.418062676951575,2,0,25.63249116121265
1.6362714529989235,2,1,9.855860834756166
15.05861395056312,3,0,22.866562318273274
23.565525794198983,4,1,41.041213519559115
14.811380269021095,2,0,18.660424381231707
10.316078228956526,5,0,20.18872697055484
16.438917242616476,2,1,28.692651049662736
11.998069371796399,1,1,17.18317278450212
14.094802943582438,1,0,18.53560059397518
23.595155410636604,4,1,39.5271618040531
10.266463307218583,3,1,20.762431961987975
24.068573531773943,4,0,32.980051288431014
22.72841540694553,4,0,34.016240705957244
5.6989872349431145,4,1,16.688847928066767
2.664671221003971,4,0,11.520485191780162
3.4186720330582396,5,0,14.323387517068825
1.4373238156371935,5,0,12.480711498638382
3.2666310581422815,2,1,10.067984723821942
17.392162561992563,1,1,27.41615097532286
2.7085275630454957,4,0,8.138219610107228
8.655415127050272,2,1,14.242688687155619
21.27700746326691,1,0,22.861263507587033
1.5585264576598208,3,1,10.37163727004779
20.54724358213446,5,0,33.15009584988424
7.764514594561598,1,0,12.896048737183119
3.83595586291975,3,1,12.80582186140596
17.721691968739616,1,0,23.812783058376073
16.094628322717217,5,1,34.44014714042682
22.05932832464927,5,1,38.59855583828089
18.641705051293258,2,0,26.96615048176626
20.283542329236365,4,0,34.34410589299402
7.768829741711356,1,1,12.346270140442492
5.258549050713348,1,0,8.359963537345305
19.0147540393806,3,0,27.45363608085809
20.364033742414335,5,0,32.08786072591092
24.77212340801616,1,0,28.653644608638935
10.902824245874235,5,0,20.70209195069168
9.928434059026795,1,1,17.534178882336178
19.633911057807925,2,1,27.839004358246015
9.179284966072428,4,0,17.91368791110964
23.338175814485552,1,0,31.632199791088457
21.601906044232283,5,0,36.820309179916606
11.29585665700044,2,1,19.994012742524216
19.020905626995937,1,0,28.20446757911257
19.109028978032377,3,1,36.21690760146217
3.4749728520623826,4,1,15.72221228555431
22.6612697603096,1,1,27.7564378806029
13.126056938748572,2,0,21.524164720530802
20.834979186585798,3,1,29.914022343835786
8.681190424734682,2,0,17.369720731121753
22.49255748390881,2,1,36.65823878217517
10.340840289619916,3,0,21.957433355819937
1.2601036355271606,2,1,9.532655479368046
22.729167434062326,3,0,32.552229386511115
3.1908802428672054,1,1,8.428854024060199
8.663527302169957,3,0,15.303712420542153
23.801487209219317,3,0,36.523921958412586
23.814571526501346,4,0,38.002028810813364
14.762509314958866,3,0,23.955462444819066
16.164093092075184,3,1,27.452549094636275
11.762692527479675,1,1,24.873656295576154
8.037058520753549,4,0,19.46921945283
8.887949088877983,5,1,20.97011506710676
17.14044294584892,1,0,21.53601950314445
19.05698870650432,1,0,26.731938642622595
19.997897049420366,5,1,35.89839861683907
19.950835427069293,3,0,30.644098430134928
3.188946473168569,2,0,9.728328368474578
12.866087312861955,4,1,20.162448610121558
2.381410240399463,2,0,6.641616888900854
14.188693175769654,5,0,26.888850118053828
11.596732032961048,1,0,15.09193352818568
22.304900386199193,1,0,29.369270733331113
9.42196030124989,4,1,24.121391576491618
3.8096083942625407,1,1,10.355631961764267
4.4318003692680605,1,1,10.070505655022808
19.276255161219332,4,0,32.39674879303174
15.837233519590265,4,0,27.10278704205703
3.426944226946966,5,1,17.150932245945402
3.0185633467599384,1,0,2.997717245434087
17.82325915501888,1,0,20.2626014154905
2.7463121527406447,5,0,10.633114997860634
20.72464142296855,3,0,31.426227830002688
17.949813451755908,3,1,30.88161864689439
2.9523707354055944,3,1,10.082276686071786
3.036105138044606,5,1,18.43516181724115
24.679349884028213,1,0,34.363838887192045
9.982499098146889,5,1,24.282011684343594
9.895411529605383,5,1,21.89253012078971
20.507189614180064,3,0,29.19037476721225
23.73396585721261,2,0,34.18968028224452
24.6640255317489,1,1,36.19389035516823
19.0810764462146,3,1,30.552426363434556
10.030230052741977,2,1,22.578620338819857
3.0040172007680503,2,1,13.801380772774458
19.651525982258484,4,0,30.115819052156898
14.401701993659321,1,1,21.29546238646125
11.18132822192743,2,1,19.731937991553934
22.752505242273664,3,0,32.2883407399513
3.668739575347632,4,1,17.803563506274045
12.82300250298062,1,0,18.23826112452993
1.2724874744180577,5,0,13.281142508002844
12.247855407859031,3,0,22.04455677580424
2.3512786163640964,2,1,13.75058847602438
3.851629990433726,2,1,10.003184900902191
3.820629922650517,3,0,11.345472967948455
16.581047250785524,2,1,23.04961418847323
18.905077102370157,4,1,31.552181374650473
15.000850362331832,1,0,19.8513136629285
24.092141163389005,4,0,37.746982621575874
9.996893908568897,2,1,19.292641206223536
7.857090070764658,5,0,18.294123247292234
21.846379076547045,1,1,30.936819136870376
6.366300124466863,1,1,15.878442102208444
24.11734094657467,3,1,37.67274478012933
1.2917073925555922,3,1,14.548532115153765
24.27709184098334,5,0,40.72054435626227
2.0358378868138267,1,0,5.3580801564730525
22.387434728753707,5,0,34.477727853862454
13.664826618071196,3,0,24.268268264484686
24.831155106863207,3,1,38.309844972738844
2.7711175536495727,1,1,6.4364615483680865
14.292502825631699,4,0,26.176690616916794
24.263260854858373,2,1,33.84002090469697
13.554348260083572,3,1,24.240734987841122
16.1055673152463,3,1,28.806448955357737
17.697968535630814,4,0,33.67440509098643
11.908985554426557,4,0,20.91695115372689
16.061393922017523,5,0,28.357239667819876
15.023543486154406,5,1,32.99294229222858
22.627792251783735,2,0,28.67675932538839
2.090713128194989,2,0,7.3944685158758165
7.743116550213528,1,0,13.703593475489408
23.80987561783741,5,0,37.95766097198268
22.366330813381992,3,0,34.89190553885212
11.93576206685711,5,0,24.905814326652145
15.883182347236882,3,1,27.0984548890767
7.657148391547184,4,1,20.29296869806361
5.5149078333702715,5,0,15.858374720083843
12.128761718559572,4,0,22.37923754663853
9.480453472625268,2,1,19.181979965589978
15.00774668442093,2,1,26.68569589124883
2.865631287159636,1,0,6.456094043765835
24.385475383987995,5,0,34.3991433182613
24.669057867510467,4,0,37.40825306346851
